,criterion,thresh,fp,tp,fn,precision,recall,accuracy,f1,n_true,n_pred,mean_true_score,mean_matched_score,panoptic_quality,by_image
0,iou,0.1,1454,2,9,0.0013736263736263737,0.18181818181818182,0.0013651877133105802,0.0027266530334014998,11,1456,0.1693513826890425,0.9314326047897339,0.002539693537258988,False
1,iou,0.2,1454,2,9,0.0013736263736263737,0.18181818181818182,0.0013651877133105802,0.0027266530334014998,11,1456,0.1693513826890425,0.9314326047897339,0.002539693537258988,False
2,iou,0.3,1454,2,9,0.0013736263736263737,0.18181818181818182,0.0013651877133105802,0.0027266530334014998,11,1456,0.1693513826890425,0.9314326047897339,0.002539693537258988,False
3,iou,0.4,1454,2,9,0.0013736263736263737,0.18181818181818182,0.0013651877133105802,0.0027266530334014998,11,1456,0.1693513826890425,0.9314326047897339,0.002539693537258988,False
4,iou,0.5,1454,2,9,0.0013736263736263737,0.18181818181818182,0.0013651877133105802,0.0027266530334014998,11,1456,0.1693513826890425,0.9314326047897339,0.002539693537258988,False
5,iou,0.6,1454,2,9,0.0013736263736263737,0.18181818181818182,0.0013651877133105802,0.0027266530334014998,11,1456,0.1693513826890425,0.9314326047897339,0.002539693537258988,False
6,iou,0.7,1454,2,9,0.0013736263736263737,0.18181818181818182,0.0013651877133105802,0.0027266530334014998,11,1456,0.1693513826890425,0.9314326047897339,0.002539693537258988,False
7,iou,0.8,1454,2,9,0.0013736263736263737,0.18181818181818182,0.0013651877133105802,0.0027266530334014998,11,1456,0.1693513826890425,0.9314326047897339,0.002539693537258988,False
8,iou,0.9,1454,2,9,0.0013736263736263737,0.18181818181818182,0.0013651877133105802,0.0027266530334014998,11,1456,0.1693513826890425,0.9314326047897339,0.002539693537258988,False
