,criterion,thresh,fp,tp,fn,precision,recall,accuracy,f1,n_true,n_pred,mean_true_score,mean_matched_score,panoptic_quality,by_image
0,iou,0.1,0,5,4,1.0,0.5555555555555556,0.5555555555555556,0.7142857142857143,9,5,0.4123883876535628,0.742299097776413,0.5302136412688664,False
1,iou,0.2,0,5,4,1.0,0.5555555555555556,0.5555555555555556,0.7142857142857143,9,5,0.4123883876535628,0.742299097776413,0.5302136412688664,False
2,iou,0.3,0,5,4,1.0,0.5555555555555556,0.5555555555555556,0.7142857142857143,9,5,0.4123883876535628,0.742299097776413,0.5302136412688664,False
3,iou,0.4,0,5,4,1.0,0.5555555555555556,0.5555555555555556,0.7142857142857143,9,5,0.4123883876535628,0.742299097776413,0.5302136412688664,False
4,iou,0.5,1,4,5,0.8,0.4444444444444444,0.4,0.5714285714285714,9,5,0.3588685393333435,0.8074542135000229,0.4614024077142988,False
5,iou,0.6,1,4,5,0.8,0.4444444444444444,0.4,0.5714285714285714,9,5,0.3588685393333435,0.8074542135000229,0.4614024077142988,False
6,iou,0.7,1,4,5,0.8,0.4444444444444444,0.4,0.5714285714285714,9,5,0.3588685393333435,0.8074542135000229,0.4614024077142988,False
7,iou,0.8,3,2,7,0.4,0.2222222222222222,0.16666666666666666,0.2857142857142857,9,5,0.19379931026034886,0.8720968961715698,0.24917054176330566,False
8,iou,0.9,5,0,9,0.0,0.0,0.0,0.0,9,5,0.0,0.0,0.0,False
