,criterion,thresh,fp,tp,fn,precision,recall,accuracy,f1,n_true,n_pred,mean_true_score,mean_matched_score,panoptic_quality,by_image
0,iou,0.1,5,5,4,0.5,0.5555555555555556,0.35714285714285715,0.5263157894736842,9,10,0.3864762518141005,0.6956572532653809,0.3661353964554636,False
1,iou,0.2,5,5,4,0.5,0.5555555555555556,0.35714285714285715,0.5263157894736842,9,10,0.3864762518141005,0.6956572532653809,0.3661353964554636,False
2,iou,0.3,5,5,4,0.5,0.5555555555555556,0.35714285714285715,0.5263157894736842,9,10,0.3864762518141005,0.6956572532653809,0.3661353964554636,False
3,iou,0.4,5,5,4,0.5,0.5555555555555556,0.35714285714285715,0.5263157894736842,9,10,0.3864762518141005,0.6956572532653809,0.3661353964554636,False
4,iou,0.5,5,5,4,0.5,0.5555555555555556,0.35714285714285715,0.5263157894736842,9,10,0.3864762518141005,0.6956572532653809,0.3661353964554636,False
5,iou,0.6,7,3,6,0.3,0.3333333333333333,0.1875,0.3157894736842105,9,10,0.2720896336767409,0.8162689010302225,0.2577691266411229,False
6,iou,0.7,7,3,6,0.3,0.3333333333333333,0.1875,0.3157894736842105,9,10,0.2720896336767409,0.8162689010302225,0.2577691266411229,False
7,iou,0.8,8,2,7,0.2,0.2222222222222222,0.11764705882352941,0.21052631578947367,9,10,0.1874414020114475,0.8434863090515137,0.17757606506347656,False
8,iou,0.9,10,0,9,0.0,0.0,0.0,0.0,9,10,0.0,0.0,0.0,False
