,criterion,thresh,fp,tp,fn,precision,recall,accuracy,f1,n_true,n_pred,mean_true_score,mean_matched_score,panoptic_quality,by_image
0,iou,0.1,1506,1,9,0.0006635700066357001,0.1,0.0006596306068601583,0.0013183915622940012,10,1507,0.09694784879684448,0.9694784879684448,0.001278152258363144,False
1,iou,0.2,1506,1,9,0.0006635700066357001,0.1,0.0006596306068601583,0.0013183915622940012,10,1507,0.09694784879684448,0.9694784879684448,0.001278152258363144,False
2,iou,0.3,1506,1,9,0.0006635700066357001,0.1,0.0006596306068601583,0.0013183915622940012,10,1507,0.09694784879684448,0.9694784879684448,0.001278152258363144,False
3,iou,0.4,1506,1,9,0.0006635700066357001,0.1,0.0006596306068601583,0.0013183915622940012,10,1507,0.09694784879684448,0.9694784879684448,0.001278152258363144,False
4,iou,0.5,1506,1,9,0.0006635700066357001,0.1,0.0006596306068601583,0.0013183915622940012,10,1507,0.09694784879684448,0.9694784879684448,0.001278152258363144,False
5,iou,0.6,1506,1,9,0.0006635700066357001,0.1,0.0006596306068601583,0.0013183915622940012,10,1507,0.09694784879684448,0.9694784879684448,0.001278152258363144,False
6,iou,0.7,1506,1,9,0.0006635700066357001,0.1,0.0006596306068601583,0.0013183915622940012,10,1507,0.09694784879684448,0.9694784879684448,0.001278152258363144,False
7,iou,0.8,1506,1,9,0.0006635700066357001,0.1,0.0006596306068601583,0.0013183915622940012,10,1507,0.09694784879684448,0.9694784879684448,0.001278152258363144,False
8,iou,0.9,1506,1,9,0.0006635700066357001,0.1,0.0006596306068601583,0.0013183915622940012,10,1507,0.09694784879684448,0.9694784879684448,0.001278152258363144,False
