,criterion,thresh,fp,tp,fn,precision,recall,accuracy,f1,n_true,n_pred,mean_true_score,mean_matched_score,panoptic_quality,by_image
0,iou,0.1,1249,1,12,0.0008,0.07692307692307693,0.000792393026941363,0.001583531274742676,13,1250,0.013378759989371667,0.17392387986183167,0.00027541390318579835,False
1,iou,0.2,1250,0,13,0.0,0.0,0.0,0.0,13,1250,0.0,0.0,0.0,False
2,iou,0.3,1250,0,13,0.0,0.0,0.0,0.0,13,1250,0.0,0.0,0.0,False
3,iou,0.4,1250,0,13,0.0,0.0,0.0,0.0,13,1250,0.0,0.0,0.0,False
4,iou,0.5,1250,0,13,0.0,0.0,0.0,0.0,13,1250,0.0,0.0,0.0,False
5,iou,0.6,1250,0,13,0.0,0.0,0.0,0.0,13,1250,0.0,0.0,0.0,False
6,iou,0.7,1250,0,13,0.0,0.0,0.0,0.0,13,1250,0.0,0.0,0.0,False
7,iou,0.8,1250,0,13,0.0,0.0,0.0,0.0,13,1250,0.0,0.0,0.0,False
8,iou,0.9,1250,0,13,0.0,0.0,0.0,0.0,13,1250,0.0,0.0,0.0,False
