,criterion,thresh,fp,tp,fn,precision,recall,accuracy,f1,n_true,n_pred,mean_true_score,mean_matched_score,panoptic_quality,by_image
0,iou,0.1,9,8,0,0.47058823529411764,1.0,0.47058823529411764,0.64,8,17,0.5025395564734936,0.5025395564734936,0.3216253161430359,False
1,iou,0.2,10,7,1,0.4117647058823529,0.875,0.3888888888888889,0.56,8,17,0.479318980127573,0.5477931201457977,0.30676414728164675,False
2,iou,0.3,10,7,1,0.4117647058823529,0.875,0.3888888888888889,0.56,8,17,0.479318980127573,0.5477931201457977,0.30676414728164675,False
3,iou,0.4,12,5,3,0.29411764705882354,0.625,0.25,0.4,8,17,0.3913308270275593,0.6261293232440949,0.2504517292976379,False
4,iou,0.5,13,4,4,0.23529411764705882,0.5,0.19047619047619047,0.32,8,17,0.33080796897411346,0.6616159379482269,0.21171710014343262,False
5,iou,0.6,14,3,5,0.17647058823529413,0.375,0.13636363636363635,0.24,8,17,0.26258013397455215,0.7002136905988058,0.1680512857437134,False
6,iou,0.7,16,1,7,0.058823529411764705,0.125,0.041666666666666664,0.08,8,17,0.10600864142179489,0.8480691313743591,0.06784553050994874,False
7,iou,0.8,16,1,7,0.058823529411764705,0.125,0.041666666666666664,0.08,8,17,0.10600864142179489,0.8480691313743591,0.06784553050994874,False
8,iou,0.9,17,0,8,0.0,0.0,0.0,0.0,8,17,0.0,0.0,0.0,False
