,criterion,thresh,fp,tp,fn,precision,recall,accuracy,f1,n_true,n_pred,mean_true_score,mean_matched_score,panoptic_quality,by_image
0,iou,0.1,5,5,0,0.5,1.0,0.5,0.6666666666666666,5,10,0.7714620947837829,0.7714620947837829,0.5143080631891886,False
1,iou,0.2,5,5,0,0.5,1.0,0.5,0.6666666666666666,5,10,0.7714620947837829,0.7714620947837829,0.5143080631891886,False
2,iou,0.3,5,5,0,0.5,1.0,0.5,0.6666666666666666,5,10,0.7714620947837829,0.7714620947837829,0.5143080631891886,False
3,iou,0.4,5,5,0,0.5,1.0,0.5,0.6666666666666666,5,10,0.7714620947837829,0.7714620947837829,0.5143080631891886,False
4,iou,0.5,5,5,0,0.5,1.0,0.5,0.6666666666666666,5,10,0.7714620947837829,0.7714620947837829,0.5143080631891886,False
5,iou,0.6,6,4,1,0.4,0.8,0.36363636363636365,0.5333333333333333,5,10,0.6685798764228821,0.8357248455286026,0.4457199176152547,False
6,iou,0.7,6,4,1,0.4,0.8,0.36363636363636365,0.5333333333333333,5,10,0.6685798764228821,0.8357248455286026,0.4457199176152547,False
7,iou,0.8,7,3,2,0.3,0.6,0.25,0.4,5,10,0.5178435325622559,0.8630725542704264,0.34522902170817055,False
8,iou,0.9,10,0,5,0.0,0.0,0.0,0.0,5,10,0.0,0.0,0.0,False
